family,comparison,criterion,outcome,median_diff,HL,HL_CI_low,HL_CI_high,CI_level,rank_biserial,A_better,ties,A_worse,p_raw,p_holm
F1,RM-MDE vs PSO,otsu,gap,2.161306026442654e-06,4.1191994570118774e-06,-7.471634293168522e-06,1.847754346049366e-05,0.9609375,0.6111111111111112,7,0,1,0.1484375,0.1484375
F1,RM-MDE vs DE,otsu,gap,9.373374130002913e-06,1.0232728641236444e-05,1.6878283718620143e-07,2.2902537051313026e-05,0.9609375,0.8333333333333334,7,0,1,0.0390625,0.078125
F1,RM-MDE vs PSO,kapur,gap,0.00017048652130291823,0.00021551437437556477,2.1191686447455902e-05,0.003643904058700173,0.9609375,1.0,8,0,0,0.0078125,0.046875
F1,RM-MDE vs DE,kapur,gap,0.0005447544598934666,0.000583084804233695,0.00010267303746295987,0.00188046681114553,0.9609375,1.0,8,0,0,0.0078125,0.046875
F1,RM-MDE vs PSO,mcet,gap,9.913099790275784e-07,1.2254773855822057e-06,3.560254794648937e-07,2.5125720669624437e-06,0.9609375,1.0,8,0,0,0.0078125,0.046875
F1,RM-MDE vs DE,mcet,gap,2.2789374462834735e-06,2.6658887825161653e-06,8.842950169039432e-07,4.482602375011188e-06,0.9609375,1.0,8,0,0,0.0078125,0.046875
S1,RM-MDE vs PSO (3x budget),otsu,gap,1.3698250486636861e-06,1.6462247126527527e-06,-8.312343325457239e-06,1.3928367578058079e-05,0.9609375,0.6111111111111112,7,0,1,0.1484375,0.1484375
S1,RM-MDE vs PSO (3x budget),kapur,gap,0.00016479276496994734,0.00018898425811471082,5.778012040982254e-06,0.0034928890584668922,0.9609375,0.9444444444444444,7,0,1,0.015625,0.03125
S1,RM-MDE vs PSO (3x budget),mcet,gap,7.925948123462558e-07,9.552927390828737e-07,3.180102056401744e-07,1.8132964289747293e-06,0.9609375,1.0,8,0,0,0.0078125,0.0234375
F3,RM-MDE vs multistart C1,otsu,gap,3.7339968724322153e-06,3.888090997123741e-06,-9.068369698724549e-06,1.2340522299844825e-05,0.9609375,0.5555555555555556,7,0,1,0.1953125,0.59375
F3,RM-MDE vs multistart C2,otsu,gap,1.4733751556851249e-06,1.296572978566774e-06,-1.0291525538048518e-05,2.5179167036118544e-06,0.9609375,0.5,6,0,2,0.25,0.59375
F3,RM-MDE vs multistart C1,kapur,gap,6.079004700090207e-05,9.036128735856603e-05,-0.0001023779109958068,0.0002616369377178073,0.9609375,0.6111111111111112,6,0,2,0.1484375,0.59375
F3,RM-MDE vs multistart C2,kapur,gap,1.2076019868007288e-05,1.751040314686807e-05,-0.00011221134077014766,0.00037407214327247947,0.9609375,0.3888888888888889,6,0,2,0.3828125,0.59375
F3,RM-MDE vs multistart C1,mcet,gap,1.0738367723264433e-06,1.3335484502289278e-06,6.438918637285603e-07,2.5901041552725247e-06,0.9609375,1.0,8,0,0,0.0078125,0.046875
F3,RM-MDE vs multistart C2,mcet,gap,4.48071849182637e-07,6.131251043694189e-07,1.9793987186386184e-07,1.0880977853498228e-06,0.9609375,1.0,8,0,0,0.0078125,0.046875
F2,rand/1+LS vs best/1+LS,mcet,gap,1.6173107551139806e-07,3.04796134509678e-07,2.403418445761651e-08,2.2842210481306195e-06,0.9609375,0.9444444444444444,7,0,1,0.015625,0.03125
F2,rand/1+LS vs SDE-donor fixedF+LS,mcet,gap,-1.539899076487776e-09,2.324400282924024e-08,-2.8562510085199506e-08,8.086526707400429e-07,0.9609375,0.1111111111111111,3,0,5,0.84375,0.84375
F2,rand/1+LS vs rand/1,mcet,gap,4.081291458514067e-06,3.7901750461505043e-06,1.6133206045820798e-06,9.488089740015276e-06,0.9609375,1.0,8,0,0,0.0078125,0.0234375
S3,rand/1+LS vs SDE-donor+LS (sensitivity),mcet,gap,1.080588553912856e-07,1.545658891996907e-07,2.8030255878782398e-08,1.025867658467167e-06,0.9609375,1.0,8,0,0,0.0078125,0.015625
S3,rand/1+LS vs SDE-donor paper(F=Cr=.25)+LS (sensitivity),mcet,gap,6.945956450921289e-07,7.803787437754505e-07,1.6073356053846939e-07,2.4401629788877457e-06,0.9609375,1.0,8,0,0,0.0078125,0.015625
S2-F1,RM-MDE vs PSO,pooled (3 criteria),success rate,0.40555555555555556,0.4194444444444445,0.2777777777777777,0.5555555555555556,0.9609375,1.0,8,0,0,0.0078125,0.015625
S2-F1,RM-MDE vs DE,pooled (3 criteria),success rate,0.5888888888888889,0.5888888888888889,0.47222222222222215,0.638888888888889,0.9609375,1.0,8,0,0,0.0078125,0.015625
S2-F3,RM-MDE vs C1 (multistart),pooled (3 criteria),success rate,0.7111111111111111,0.6833333333333333,0.5166666666666666,0.8111111111111112,0.9609375,1.0,8,0,0,0.0078125,0.015625
S2-F3,RM-MDE vs C2 (multistart),pooled (3 criteria),success rate,0.5055555555555555,0.5111111111111111,0.411111111111111,0.6388888888888891,0.9609375,1.0,8,0,0,0.0078125,0.015625
