experiment,criterion,method,outcome,image,value
time_matched,otsu,RM-MDE,gap,Cameraman,2.235245035880785e-05
time_matched,otsu,RM-MDE,gap,Coins,1.1567814827766324e-07
time_matched,otsu,RM-MDE,gap,Moon,7.993059494947308e-09
time_matched,otsu,RM-MDE,gap,Astronaut,9.329381886845425e-07
time_matched,otsu,RM-MDE,gap,Coffee,7.545657150778891e-08
time_matched,otsu,RM-MDE,gap,Cat,1.7885286354055327e-07
time_matched,otsu,RM-MDE,gap,Clock,3.0201144023495966e-07
time_matched,otsu,RM-MDE,gap,Histology,2.2370248314030895e-08
time_matched,otsu,RM-MDE,succ,Cameraman,0.8
time_matched,otsu,RM-MDE,succ,Coins,0.7666666666666667
time_matched,otsu,RM-MDE,succ,Moon,0.9666666666666667
time_matched,otsu,RM-MDE,succ,Astronaut,0.9333333333333333
time_matched,otsu,RM-MDE,succ,Coffee,0.9333333333333333
time_matched,otsu,RM-MDE,succ,Cat,0.9
time_matched,otsu,RM-MDE,succ,Clock,0.7666666666666667
time_matched,otsu,RM-MDE,succ,Histology,0.9
time_matched,otsu,PSO,gap,Cameraman,5.350364825881933e-06
time_matched,otsu,PSO,gap,Coins,2.1744950948665366e-06
time_matched,otsu,PSO,gap,Moon,1.5315490263678084e-06
time_matched,otsu,PSO,gap,Astronaut,3.1967332949809773e-06
time_matched,otsu,PSO,gap,Coffee,3.644509360165461e-07
time_matched,otsu,PSO,gap,Cat,7.510976611873499e-06
time_matched,otsu,PSO,gap,Clock,3.4993303254925845e-05
time_matched,otsu,PSO,gap,Histology,1.2703762138581168e-05
time_matched,otsu,PSO,succ,Cameraman,0.5333333333333333
time_matched,otsu,PSO,succ,Coins,0.36666666666666664
time_matched,otsu,PSO,succ,Moon,0.4666666666666667
time_matched,otsu,PSO,succ,Astronaut,0.5333333333333333
time_matched,otsu,PSO,succ,Coffee,0.6
time_matched,otsu,PSO,succ,Cat,0.26666666666666666
time_matched,otsu,PSO,succ,Clock,0.16666666666666666
time_matched,otsu,PSO,succ,Histology,0.2
time_matched,otsu,PSO3x,gap,Cameraman,4.9677892614802e-06
time_matched,otsu,PSO3x,gap,Coins,7.260583232159531e-07
time_matched,otsu,PSO3x,gap,Moon,7.679675059081182e-07
time_matched,otsu,PSO3x,gap,Astronaut,2.9126138395987436e-06
time_matched,otsu,PSO3x,gap,Coffee,2.0607316160886051e-07
time_matched,otsu,PSO3x,gap,Cat,2.7861249781703287e-06
time_matched,otsu,PSO3x,gap,Clock,2.6179070945436918e-05
time_matched,otsu,PSO3x,gap,Histology,1.0802933149003192e-05
time_matched,otsu,PSO3x,succ,Cameraman,0.7
time_matched,otsu,PSO3x,succ,Coins,0.7
time_matched,otsu,PSO3x,succ,Moon,0.5666666666666667
time_matched,otsu,PSO3x,succ,Astronaut,0.5666666666666667
time_matched,otsu,PSO3x,succ,Coffee,0.8
time_matched,otsu,PSO3x,succ,Cat,0.5333333333333333
time_matched,otsu,PSO3x,succ,Clock,0.26666666666666666
time_matched,otsu,PSO3x,succ,Histology,0.5
time_matched,otsu,DE,gap,Cameraman,1.5206027878612423e-05
time_matched,otsu,DE,gap,Coins,2.297423265265876e-05
time_matched,otsu,DE,gap,Moon,2.186700017635628e-06
time_matched,otsu,DE,gap,Astronaut,3.1579198465832623e-06
time_matched,otsu,DE,gap,Coffee,1.1338216676945785e-05
time_matched,otsu,DE,gap,Cat,3.4721166860728605e-05
time_matched,otsu,DE,gap,Clock,7.785999594802789e-06
time_matched,otsu,DE,gap,Histology,1.472254839868615e-05
time_matched,otsu,DE,succ,Cameraman,0.3333333333333333
time_matched,otsu,DE,succ,Coins,0.2
time_matched,otsu,DE,succ,Moon,0.4666666666666667
time_matched,otsu,DE,succ,Astronaut,0.6333333333333333
time_matched,otsu,DE,succ,Coffee,0.43333333333333335
time_matched,otsu,DE,succ,Cat,0.13333333333333333
time_matched,otsu,DE,succ,Clock,0.16666666666666666
time_matched,otsu,DE,succ,Histology,0.13333333333333333
time_matched,kapur,RM-MDE,gap,Cameraman,0.0
time_matched,kapur,RM-MDE,gap,Coins,6.73854684649357e-05
time_matched,kapur,RM-MDE,gap,Moon,2.3651531889476403e-05
time_matched,kapur,RM-MDE,gap,Astronaut,0.0
time_matched,kapur,RM-MDE,gap,Coffee,8.076780659103873e-07
time_matched,kapur,RM-MDE,gap,Cat,1.2381664055339575e-05
time_matched,kapur,RM-MDE,gap,Clock,0.0002589712029248707
time_matched,kapur,RM-MDE,gap,Histology,2.472027707865755e-05
time_matched,kapur,RM-MDE,succ,Cameraman,1.0
time_matched,kapur,RM-MDE,succ,Coins,0.8666666666666667
time_matched,kapur,RM-MDE,succ,Moon,0.8
time_matched,kapur,RM-MDE,succ,Astronaut,1.0
time_matched,kapur,RM-MDE,succ,Coffee,0.9333333333333333
time_matched,kapur,RM-MDE,succ,Cat,0.9
time_matched,kapur,RM-MDE,succ,Clock,0.9666666666666667
time_matched,kapur,RM-MDE,succ,Histology,0.9333333333333333
time_matched,kapur,PSO,gap,Cameraman,5.778012040982254e-06
time_matched,kapur,PSO,gap,Coins,0.00025341315809018436
time_matched,kapur,PSO,gap,Moon,0.0006390845139114833
time_matched,kapur,PSO,gap,Astronaut,1.7116105907380142e-05
time_matched,kapur,PSO,gap,Coffee,0.00015575303104649815
time_matched,kapur,PSO,gap,Cat,4.898702490926912e-05
time_matched,kapur,PSO,gap,Clock,0.007360751630699968
time_matched,kapur,PSO,gap,Histology,0.0003597770423498315
time_matched,kapur,PSO,succ,Cameraman,0.8333333333333334
time_matched,kapur,PSO,succ,Coins,0.3333333333333333
time_matched,kapur,PSO,succ,Moon,0.43333333333333335
time_matched,kapur,PSO,succ,Astronaut,0.6333333333333333
time_matched,kapur,PSO,succ,Coffee,0.8666666666666667
time_matched,kapur,PSO,succ,Cat,0.7666666666666667
time_matched,kapur,PSO,succ,Clock,0.5666666666666667
time_matched,kapur,PSO,succ,Histology,0.23333333333333334
time_matched,kapur,PSO3x,gap,Cameraman,5.778012040982254e-06
time_matched,kapur,PSO3x,gap,Coins,0.00024202564542424258
time_matched,kapur,PSO3x,gap,Moon,0.0004590085063663676
time_matched,kapur,PSO3x,gap,Astronaut,9.180073566967332e-06
time_matched,kapur,PSO3x,gap,Coffee,0.00015575303104649815
time_matched,kapur,PSO3x,gap,Cat,9.702883956946895e-06
time_matched,kapur,PSO3x,gap,Clock,0.007070109142899348
time_matched,kapur,PSO3x,gap,Histology,0.00027643160263829923
time_matched,kapur,PSO3x,succ,Cameraman,0.8333333333333334
time_matched,kapur,PSO3x,succ,Coins,0.43333333333333335
time_matched,kapur,PSO3x,succ,Moon,0.4666666666666667
time_matched,kapur,PSO3x,succ,Astronaut,0.6666666666666666
time_matched,kapur,PSO3x,succ,Coffee,0.8666666666666667
time_matched,kapur,PSO3x,succ,Cat,0.9333333333333333
time_matched,kapur,PSO3x,succ,Clock,0.6333333333333333
time_matched,kapur,PSO3x,succ,Histology,0.4
time_matched,kapur,DE,gap,Cameraman,2.0505858174712392e-05
time_matched,kapur,DE,gap,Coins,0.0010149093994674455
time_matched,kapur,DE,gap,Moon,0.0011286759136252603
time_matched,kapur,DE,gap,Astronaut,0.00018484021675120734
time_matched,kapur,DE,gap,Coffee,9.575836551118981e-05
time_matched,kapur,DE,gap,Cat,0.0006721978572916514
time_matched,kapur,DE,gap,Clock,0.003360088631979619
time_matched,kapur,DE,gap,Histology,0.0004544130036292787
time_matched,kapur,DE,succ,Cameraman,0.6666666666666666
time_matched,kapur,DE,succ,Coins,0.23333333333333334
time_matched,kapur,DE,succ,Moon,0.3
time_matched,kapur,DE,succ,Astronaut,0.2
time_matched,kapur,DE,succ,Coffee,0.6666666666666666
time_matched,kapur,DE,succ,Cat,0.3333333333333333
time_matched,kapur,DE,succ,Clock,0.26666666666666666
time_matched,kapur,DE,succ,Histology,0.2
time_matched,mcet,RM-MDE,gap,Cameraman,5.411562996401025e-07
time_matched,mcet,RM-MDE,gap,Coins,7.16494509985359e-08
time_matched,mcet,RM-MDE,gap,Moon,1.4969684613620437e-07
time_matched,mcet,RM-MDE,gap,Astronaut,1.6636747227535574e-07
time_matched,mcet,RM-MDE,gap,Coffee,1.130702783442466e-08
time_matched,mcet,RM-MDE,gap,Cat,1.0996948836820804e-08
time_matched,mcet,RM-MDE,gap,Clock,1.0645538116089245e-08
time_matched,mcet,RM-MDE,gap,Histology,2.5061772927765267e-09
time_matched,mcet,RM-MDE,succ,Cameraman,0.9333333333333333
time_matched,mcet,RM-MDE,succ,Coins,0.9666666666666667
time_matched,mcet,RM-MDE,succ,Moon,0.9
time_matched,mcet,RM-MDE,succ,Astronaut,0.9666666666666667
time_matched,mcet,RM-MDE,succ,Coffee,0.9333333333333333
time_matched,mcet,RM-MDE,succ,Cat,0.7666666666666667
time_matched,mcet,RM-MDE,succ,Clock,0.8333333333333334
time_matched,mcet,RM-MDE,succ,Histology,0.9666666666666667
time_matched,mcet,PSO,gap,Cameraman,2.6066509015558667e-06
time_matched,mcet,PSO,gap,Coins,1.1713469889477167e-06
time_matched,mcet,PSO,gap,Moon,7.597540603519174e-07
time_matched,mcet,PSO,gap,Astronaut,1.0492898923813317e-06
time_matched,mcet,PSO,gap,Coffee,1.1330077254849908e-07
time_matched,mcet,PSO,gap,Cat,2.3208774091007963e-06
time_matched,mcet,PSO,gap,Clock,3.936092134091796e-06
time_matched,mcet,PSO,gap,Histology,1.8266105437957395e-07
time_matched,mcet,PSO,succ,Cameraman,0.43333333333333335
time_matched,mcet,PSO,succ,Coins,0.3333333333333333
time_matched,mcet,PSO,succ,Moon,0.5
time_matched,mcet,PSO,succ,Astronaut,0.7
time_matched,mcet,PSO,succ,Coffee,0.8333333333333334
time_matched,mcet,PSO,succ,Cat,0.36666666666666664
time_matched,mcet,PSO,succ,Clock,0.16666666666666666
time_matched,mcet,PSO,succ,Histology,0.4666666666666667
time_matched,mcet,PSO3x,gap,Cameraman,2.3544527286148317e-06
time_matched,mcet,PSO3x,gap,Coins,7.824731092112641e-07
time_matched,mcet,PSO3x,gap,Moon,7.074558114320139e-07
time_matched,mcet,PSO3x,gap,Astronaut,1.0407334387551392e-06
time_matched,mcet,PSO3x,gap,Coffee,8.956847381896392e-08
time_matched,mcet,PSO3x,gap,Cat,2.1097104184612075e-06
time_matched,mcet,PSO3x,gap,Clock,1.6564214476589382e-06
time_matched,mcet,PSO3x,gap,Histology,1.1882282969027336e-07
time_matched,mcet,PSO3x,succ,Cameraman,0.6
time_matched,mcet,PSO3x,succ,Coins,0.36666666666666664
time_matched,mcet,PSO3x,succ,Moon,0.6
time_matched,mcet,PSO3x,succ,Astronaut,0.7
time_matched,mcet,PSO3x,succ,Coffee,0.8333333333333334
time_matched,mcet,PSO3x,succ,Cat,0.4666666666666667
time_matched,mcet,PSO3x,succ,Clock,0.3
time_matched,mcet,PSO3x,succ,Histology,0.6
time_matched,mcet,DE,gap,Cameraman,5.251696561476503e-06
time_matched,mcet,DE,gap,Coins,3.5352542215713234e-06
time_matched,mcet,DE,gap,Moon,1.209652877834753e-06
time_matched,mcet,DE,gap,Astronaut,1.1811165385083638e-06
time_matched,mcet,DE,gap,Coffee,4.529033853830862e-06
time_matched,mcet,DE,gap,Cat,4.265661437022798e-06
time_matched,mcet,DE,gap,Clock,6.849654499298159e-07
time_matched,mcet,DE,gap,Histology,1.0967762992869361e-06
time_matched,mcet,DE,succ,Cameraman,0.03333333333333333
time_matched,mcet,DE,succ,Coins,0.3333333333333333
time_matched,mcet,DE,succ,Moon,0.2
time_matched,mcet,DE,succ,Astronaut,0.36666666666666664
time_matched,mcet,DE,succ,Coffee,0.5666666666666667
time_matched,mcet,DE,succ,Cat,0.26666666666666666
time_matched,mcet,DE,succ,Clock,0.23333333333333334
time_matched,mcet,DE,succ,Histology,0.4666666666666667
multistart,otsu,RM-MDE,gap,Cameraman,2.235245035880785e-05
multistart,otsu,RM-MDE,gap,Coins,1.1567814827766324e-07
multistart,otsu,RM-MDE,gap,Moon,7.993059494947308e-09
multistart,otsu,RM-MDE,gap,Astronaut,9.329381886845425e-07
multistart,otsu,RM-MDE,gap,Coffee,7.545657150778891e-08
multistart,otsu,RM-MDE,gap,Cat,1.7885286354055327e-07
multistart,otsu,RM-MDE,gap,Clock,3.0201144023495966e-07
multistart,otsu,RM-MDE,gap,Histology,2.2370248314030895e-08
multistart,otsu,RM-MDE,succ,Cameraman,0.8
multistart,otsu,RM-MDE,succ,Coins,0.7666666666666667
multistart,otsu,RM-MDE,succ,Moon,0.9666666666666667
multistart,otsu,RM-MDE,succ,Astronaut,0.9333333333333333
multistart,otsu,RM-MDE,succ,Coffee,0.9333333333333333
multistart,otsu,RM-MDE,succ,Cat,0.9
multistart,otsu,RM-MDE,succ,Clock,0.7666666666666667
multistart,otsu,RM-MDE,succ,Histology,0.9
multistart,otsu,C1,gap,Cameraman,1.0133057014790805e-06
multistart,otsu,C1,gap,Coins,1.2028556276532632e-05
multistart,otsu,C1,gap,Moon,5.939418298317344e-06
multistart,otsu,C1,gap,Astronaut,1.4276334104248471e-06
multistart,otsu,C1,gap,Coffee,4.341045056492549e-06
multistart,otsu,C1,gap,Cat,2.0594308978245444e-05
multistart,otsu,C1,gap,Clock,2.4549564450430954e-06
multistart,otsu,C1,gap,Histology,3.224775508193701e-06
multistart,otsu,C1,succ,Cameraman,0.3
multistart,otsu,C1,succ,Coins,0.0
multistart,otsu,C1,succ,Moon,0.23333333333333334
multistart,otsu,C1,succ,Astronaut,0.2
multistart,otsu,C1,succ,Coffee,0.2
multistart,otsu,C1,succ,Cat,0.0
multistart,otsu,C1,succ,Clock,0.3333333333333333
multistart,otsu,C1,succ,Histology,0.03333333333333333
multistart,otsu,C2,gap,Cameraman,4.4723389521927386e-07
multistart,otsu,C2,gap,Coins,2.3730371606612364e-06
multistart,otsu,C2,gap,Moon,1.6325779833736577e-06
multistart,otsu,C2,gap,Astronaut,2.1766300486894598e-07
multistart,otsu,C2,gap,Coffee,8.946612051415762e-07
multistart,otsu,C2,gap,Cat,3.5901013468855524e-06
multistart,otsu,C2,gap,Clock,2.02476794588519e-06
multistart,otsu,C2,gap,Histology,1.3445356358055703e-06
multistart,otsu,C2,succ,Cameraman,0.4666666666666667
multistart,otsu,C2,succ,Coins,0.43333333333333335
multistart,otsu,C2,succ,Moon,0.43333333333333335
multistart,otsu,C2,succ,Astronaut,0.5333333333333333
multistart,otsu,C2,succ,Coffee,0.5
multistart,otsu,C2,succ,Cat,0.2
multistart,otsu,C2,succ,Clock,0.3333333333333333
multistart,otsu,C2,succ,Histology,0.13333333333333333
multistart,kapur,RM-MDE,gap,Cameraman,0.0
multistart,kapur,RM-MDE,gap,Coins,6.73854684649357e-05
multistart,kapur,RM-MDE,gap,Moon,2.3651531889476403e-05
multistart,kapur,RM-MDE,gap,Astronaut,0.0
multistart,kapur,RM-MDE,gap,Coffee,8.076780659103873e-07
multistart,kapur,RM-MDE,gap,Cat,1.2381664055339575e-05
multistart,kapur,RM-MDE,gap,Clock,0.0002589712029248707
multistart,kapur,RM-MDE,gap,Histology,2.472027707865755e-05
multistart,kapur,RM-MDE,succ,Cameraman,1.0
multistart,kapur,RM-MDE,succ,Coins,0.8666666666666667
multistart,kapur,RM-MDE,succ,Moon,0.8
multistart,kapur,RM-MDE,succ,Astronaut,1.0
multistart,kapur,RM-MDE,succ,Coffee,0.9333333333333333
multistart,kapur,RM-MDE,succ,Cat,0.9
multistart,kapur,RM-MDE,succ,Clock,0.9666666666666667
multistart,kapur,RM-MDE,succ,Histology,0.9333333333333333
multistart,kapur,C1,gap,Cameraman,3.984225047196954e-05
multistart,kapur,C1,gap,Coins,5.895142053738073e-05
multistart,kapur,C1,gap,Moon,0.00043906398729498666
multistart,kapur,C1,gap,Astronaut,8.17378435298346e-05
multistart,kapur,C1,gap,Coffee,1.9635923961672794e-05
multistart,kapur,C1,gap,Cat,0.0002740186017731469
multistart,kapur,C1,gap,Clock,1.4373130461287513e-05
multistart,kapur,C1,gap,Histology,0.0002237850914985495
multistart,kapur,C1,succ,Cameraman,0.7666666666666667
multistart,kapur,C1,succ,Coins,0.26666666666666666
multistart,kapur,C1,succ,Moon,0.36666666666666664
multistart,kapur,C1,succ,Astronaut,0.13333333333333333
multistart,kapur,C1,succ,Coffee,0.6333333333333333
multistart,kapur,C1,succ,Cat,0.13333333333333333
multistart,kapur,C1,succ,Clock,0.8333333333333334
multistart,kapur,C1,succ,Histology,0.0
multistart,kapur,C2,gap,Cameraman,6.36029427828555e-06
multistart,kapur,C2,gap,Coins,2.0390086603560836e-05
multistart,kapur,C2,gap,Moon,0.0007540040729767063
multistart,kapur,C2,gap,Astronaut,1.7791745457729026e-05
multistart,kapur,C2,gap,Coffee,4.486791041539845e-06
multistart,kapur,C2,gap,Cat,9.383516758872866e-05
multistart,kapur,C2,gap,Clock,2.818822710628983e-05
multistart,kapur,C2,gap,Histology,8.508573244868649e-05
multistart,kapur,C2,succ,Cameraman,0.7333333333333333
multistart,kapur,C2,succ,Coins,0.26666666666666666
multistart,kapur,C2,succ,Moon,0.36666666666666664
multistart,kapur,C2,succ,Astronaut,0.4666666666666667
multistart,kapur,C2,succ,Coffee,0.8
multistart,kapur,C2,succ,Cat,0.13333333333333333
multistart,kapur,C2,succ,Clock,0.8666666666666667
multistart,kapur,C2,succ,Histology,0.16666666666666666
multistart,mcet,RM-MDE,gap,Cameraman,5.411562996401025e-07
multistart,mcet,RM-MDE,gap,Coins,7.16494509985359e-08
multistart,mcet,RM-MDE,gap,Moon,1.4969684613620437e-07
multistart,mcet,RM-MDE,gap,Astronaut,1.6636747227535574e-07
multistart,mcet,RM-MDE,gap,Coffee,1.130702783442466e-08
multistart,mcet,RM-MDE,gap,Cat,1.0996948836820804e-08
multistart,mcet,RM-MDE,gap,Clock,1.0645538116089245e-08
multistart,mcet,RM-MDE,gap,Histology,2.5061772927765267e-09
multistart,mcet,RM-MDE,succ,Cameraman,0.9333333333333333
multistart,mcet,RM-MDE,succ,Coins,0.9666666666666667
multistart,mcet,RM-MDE,succ,Moon,0.9
multistart,mcet,RM-MDE,succ,Astronaut,0.9666666666666667
multistart,mcet,RM-MDE,succ,Coffee,0.9333333333333333
multistart,mcet,RM-MDE,succ,Cat,0.7666666666666667
multistart,mcet,RM-MDE,succ,Clock,0.8333333333333334
multistart,mcet,RM-MDE,succ,Histology,0.9666666666666667
multistart,mcet,C1,gap,Cameraman,1.546274202151147e-06
multistart,mcet,C1,gap,Coins,2.2897420568294794e-06
multistart,mcet,C1,gap,Moon,2.077590359877943e-06
multistart,mcet,C1,gap,Astronaut,1.0008823819790303e-06
multistart,mcet,C1,gap,Coffee,1.1538626699762668e-06
multistart,mcet,C1,gap,Cat,4.048649617240028e-06
multistart,mcet,C1,gap,Clock,3.264976214242043e-07
multistart,mcet,C1,gap,Histology,6.463980410213368e-07
multistart,mcet,C1,succ,Cameraman,0.2
multistart,mcet,C1,succ,Coins,0.13333333333333333
multistart,mcet,C1,succ,Moon,0.0
multistart,mcet,C1,succ,Astronaut,0.2
multistart,mcet,C1,succ,Coffee,0.16666666666666666
multistart,mcet,C1,succ,Cat,0.0
multistart,mcet,C1,succ,Clock,0.1
multistart,mcet,C1,succ,Histology,0.16666666666666666
multistart,mcet,C2,gap,Cameraman,9.46606040368927e-07
multistart,mcet,C2,gap,Coins,1.2626646921848186e-06
multistart,mcet,C2,gap,Moon,1.4341445598062362e-06
multistart,mcet,C2,gap,Astronaut,6.570614299118052e-07
multistart,mcet,C2,gap,Coffee,2.7486199052404783e-07
multistart,mcet,C2,gap,Cat,9.027448058664348e-07
multistart,mcet,C2,gap,Clock,1.429703191541898e-07
multistart,mcet,C2,gap,Histology,1.552281169384399e-07
multistart,mcet,C2,succ,Cameraman,0.3
multistart,mcet,C2,succ,Coins,0.3333333333333333
multistart,mcet,C2,succ,Moon,0.3333333333333333
multistart,mcet,C2,succ,Astronaut,0.4
multistart,mcet,C2,succ,Coffee,0.26666666666666666
multistart,mcet,C2,succ,Cat,0.03333333333333333
multistart,mcet,C2,succ,Clock,0.4
multistart,mcet,C2,succ,Histology,0.23333333333333334
ablation_A,mcet,rand/1+LS,gap,Cameraman,5.411562996401025e-07
ablation_A,mcet,rand/1+LS,gap,Coins,7.16494509985359e-08
ablation_A,mcet,rand/1+LS,gap,Moon,1.4969684613620437e-07
ablation_A,mcet,rand/1+LS,gap,Astronaut,1.6636747227535574e-07
ablation_A,mcet,rand/1+LS,gap,Coffee,1.130702783442466e-08
ablation_A,mcet,rand/1+LS,gap,Cat,1.0996948836820804e-08
ablation_A,mcet,rand/1+LS,gap,Clock,1.0645538116089245e-08
ablation_A,mcet,rand/1+LS,gap,Histology,2.5061772927765267e-09
ablation_A,mcet,rand/1+LS,succ,Cameraman,0.9333333333333333
ablation_A,mcet,rand/1+LS,succ,Coins,0.9666666666666667
ablation_A,mcet,rand/1+LS,succ,Moon,0.9
ablation_A,mcet,rand/1+LS,succ,Astronaut,0.9666666666666667
ablation_A,mcet,rand/1+LS,succ,Coffee,0.9333333333333333
ablation_A,mcet,rand/1+LS,succ,Cat,0.7666666666666667
ablation_A,mcet,rand/1+LS,succ,Clock,0.8333333333333334
ablation_A,mcet,rand/1+LS,succ,Histology,0.9666666666666667
ablation_A,mcet,best/1+LS,gap,Cameraman,4.939342427041836e-06
ablation_A,mcet,best/1+LS,gap,Coins,2.41905419858042e-07
ablation_A,mcet,best/1+LS,gap,Moon,1.9850131095075562e-07
ablation_A,mcet,best/1+LS,gap,Astronaut,6.749544178057912e-07
ablation_A,mcet,best/1+LS,gap,Coffee,1.928762693348261e-06
ablation_A,mcet,best/1+LS,gap,Cat,1.0260852937502568e-08
ablation_A,mcet,best/1+LS,gap,Clock,1.6385172027937925e-07
ablation_A,mcet,best/1+LS,gap,Histology,6.068173267955765e-09
ablation_A,mcet,best/1+LS,succ,Cameraman,0.8333333333333334
ablation_A,mcet,best/1+LS,succ,Coins,0.8
ablation_A,mcet,best/1+LS,succ,Moon,0.9
ablation_A,mcet,best/1+LS,succ,Astronaut,0.7333333333333333
ablation_A,mcet,best/1+LS,succ,Coffee,0.9
ablation_A,mcet,best/1+LS,succ,Cat,0.6666666666666666
ablation_A,mcet,best/1+LS,succ,Clock,0.7
ablation_A,mcet,best/1+LS,succ,Histology,0.9333333333333333
ablation_A,mcet,SDE-donor fixedF+LS,gap,Cameraman,2.159514339908199e-06
ablation_A,mcet,SDE-donor fixedF+LS,gap,Coins,1.65515301931013e-08
ablation_A,mcet,SDE-donor fixedF+LS,gap,Moon,1.9937500404699253e-07
ablation_A,mcet,SDE-donor fixedF+LS,gap,Astronaut,4.997740040735246e-07
ablation_A,mcet,SDE-donor fixedF+LS,gap,Coffee,0.0
ablation_A,mcet,SDE-donor fixedF+LS,gap,Cat,9.944250048809671e-09
ablation_A,mcet,SDE-donor fixedF+LS,gap,Clock,6.292332976438313e-09
ablation_A,mcet,SDE-donor fixedF+LS,gap,Histology,4.790779278121078e-10
ablation_A,mcet,SDE-donor fixedF+LS,succ,Cameraman,0.8333333333333334
ablation_A,mcet,SDE-donor fixedF+LS,succ,Coins,0.9333333333333333
ablation_A,mcet,SDE-donor fixedF+LS,succ,Moon,0.8333333333333334
ablation_A,mcet,SDE-donor fixedF+LS,succ,Astronaut,0.8666666666666667
ablation_A,mcet,SDE-donor fixedF+LS,succ,Coffee,1.0
ablation_A,mcet,SDE-donor fixedF+LS,succ,Cat,0.8333333333333334
ablation_A,mcet,SDE-donor fixedF+LS,succ,Clock,0.8666666666666667
ablation_A,mcet,SDE-donor fixedF+LS,succ,Histology,1.0
ablation_A,mcet,SDE-donor+LS,gap,Cameraman,1.5309276105542192e-06
ablation_A,mcet,SDE-donor+LS,gap,Coins,1.3657759258286182e-07
ablation_A,mcet,SDE-donor+LS,gap,Moon,3.996539196585571e-07
ablation_A,mcet,SDE-donor+LS,gap,Astronaut,1.714386958065115e-07
ablation_A,mcet,SDE-donor+LS,gap,Coffee,1.9118527755705133e-06
ablation_A,mcet,SDE-donor+LS,gap,Cat,6.441821700655231e-08
ablation_A,mcet,SDE-donor+LS,gap,Clock,1.6183510731433455e-07
ablation_A,mcet,SDE-donor+LS,gap,Histology,5.145420880609818e-09
ablation_A,mcet,SDE-donor+LS,succ,Cameraman,0.8
ablation_A,mcet,SDE-donor+LS,succ,Coins,0.7
ablation_A,mcet,SDE-donor+LS,succ,Moon,0.7666666666666667
ablation_A,mcet,SDE-donor+LS,succ,Astronaut,0.8
ablation_A,mcet,SDE-donor+LS,succ,Coffee,0.9666666666666667
ablation_A,mcet,SDE-donor+LS,succ,Cat,0.6666666666666666
ablation_A,mcet,SDE-donor+LS,succ,Clock,0.6666666666666666
ablation_A,mcet,SDE-donor+LS,succ,Histology,0.9333333333333333
ablation_A,mcet,SDE-donor paper(F=Cr=.25)+LS,gap,Cameraman,4.442622497120956e-06
ablation_A,mcet,SDE-donor paper(F=Cr=.25)+LS,gap,Coins,7.073768165598884e-07
ablation_A,mcet,SDE-donor paper(F=Cr=.25)+LS,gap,Moon,9.031607707591096e-07
ablation_A,mcet,SDE-donor paper(F=Cr=.25)+LS,gap,Astronaut,1.1452272325699945e-06
ablation_A,mcet,SDE-donor paper(F=Cr=.25)+LS,gap,Coffee,3.7109365821467144e-06
ablation_A,mcet,SDE-donor paper(F=Cr=.25)+LS,gap,Cat,3.162417164162527e-07
ablation_A,mcet,SDE-donor paper(F=Cr=.25)+LS,gap,Clock,2.686789161359614e-08
ablation_A,mcet,SDE-donor paper(F=Cr=.25)+LS,gap,Histology,3.50485707849888e-08
ablation_A,mcet,SDE-donor paper(F=Cr=.25)+LS,succ,Cameraman,0.36666666666666664
ablation_A,mcet,SDE-donor paper(F=Cr=.25)+LS,succ,Coins,0.3333333333333333
ablation_A,mcet,SDE-donor paper(F=Cr=.25)+LS,succ,Moon,0.43333333333333335
ablation_A,mcet,SDE-donor paper(F=Cr=.25)+LS,succ,Astronaut,0.6666666666666666
ablation_A,mcet,SDE-donor paper(F=Cr=.25)+LS,succ,Coffee,0.7666666666666667
ablation_A,mcet,SDE-donor paper(F=Cr=.25)+LS,succ,Cat,0.3333333333333333
ablation_A,mcet,SDE-donor paper(F=Cr=.25)+LS,succ,Clock,0.7333333333333333
ablation_A,mcet,SDE-donor paper(F=Cr=.25)+LS,succ,Histology,0.6666666666666666
ablation_A,mcet,rand/1,gap,Cameraman,5.742016651072519e-06
ablation_A,mcet,rand/1,gap,Coins,4.364627577186914e-06
ablation_A,mcet,rand/1,gap,Moon,1.5103488357085763e-06
ablation_A,mcet,rand/1,gap,Astronaut,1.37697145056424e-06
ablation_A,mcet,rand/1,gap,Coffee,5.416760399881657e-06
ablation_A,mcet,rand/1,gap,Cat,1.4694198302678992e-05
ablation_A,mcet,rand/1,gap,Clock,3.880250328955845e-06
ablation_A,mcet,rand/1,gap,Histology,2.0185434081680515e-06
ablation_A,mcet,rand/1,succ,Cameraman,0.03333333333333333
ablation_A,mcet,rand/1,succ,Coins,0.23333333333333334
ablation_A,mcet,rand/1,succ,Moon,0.0
ablation_A,mcet,rand/1,succ,Astronaut,0.23333333333333334
ablation_A,mcet,rand/1,succ,Coffee,0.4
ablation_A,mcet,rand/1,succ,Cat,0.1
ablation_A,mcet,rand/1,succ,Clock,0.1
ablation_A,mcet,rand/1,succ,Histology,0.3
